{
  "type": "minecraft:entity",
  "pools": [
    {
      "rolls": 1,
      "entries": [
        {
          "type": "minecraft:item",
          "name": "minecraft:armor_stand",
          "functions": [
            {
              "function": "minecraft:copy_nbt",
              "source": "this",
              "ops": [
                {
                  "source": "{}",
                  "target": "dehydrated",
                  "op": "replace"
                }
              ]
            }
          ],
          "conditions": [
            {
              "condition": "minecraft:inverted",
              "term": {
                "condition": "minecraft:location_check",
                "offsetY": -1,
                "predicate": {
                  "block": {
                    "blocks": [
                      "minecraft:hopper"
                    ]
                  }
                }
              }
            },
            {
              "condition": "minecraft:damage_source_properties",
              "predicate": {
                "direct_entity": {
                  "type": "#zomberts:converters"
                }
              }
            }
          ]
        }
      ]
    }
  ]
}