{
  "type": "minecraft:entity",
  "pools": [
    {
      "rolls": 1,
      "entries": [
        {
          "type": "minecraft:loot_table",
          "name": "vanilla:entities/axolotl"
        }
      ]
    },
    {
      "rolls": 1,
      "entries": [
        {
          "type": "minecraft:alternatives",
          "conditions": [
            {
              "condition": "killed_by_player"
            }
          ],
          "children": [
            {
              "type": "item",
              "name": "minecraft:player_head",
              "functions": [
                {
                  "function": "set_nbt",
                    "tag": "{SkullOwner:{Id:[I;-495293005,-481671693,-1239113299,1549606366],Name:\"Lucy Axolotl\",Properties:{textures:[{Value:\"eyJ0ZXh0dXJlcyI6eyJTS0lOIjp7InVybCI6Imh0dHA6Ly90ZXh0dXJlcy5taW5lY3JhZnQubmV0L3RleHR1cmUvNjY3ZTE1ZWFiNzMwNjRiNjY4MGQxZGI5OGJhNDQ1ZWQwOTE0YmEzNWE3OTk5OTdjMGRhMmIwM2ZmYzNhODgyNiJ9fX0=\"}]}}}"
                }
              ],
              "conditions": [
                {
                  "condition": "entity_properties",
                  "predicate": {
                    "nbt": "{Variant:0}"
                  },
                  "entity": "this"
                },
                {
                  "condition": "random_chance_with_looting",
                  "chance": 0.05,
                  "looting_multiplier": 0.01
                }
              ]
            },
            {
              "type": "item",
              "name": "minecraft:player_head",
              "functions": [
                {
                  "function": "set_nbt",
                  "tag": "{SkullOwner:{Id:[I;1713596526,957432793,-1149242759,513234937],Name:\"Wild Axolotl\",Properties:{textures:[{Value:\"eyJ0ZXh0dXJlcyI6eyJTS0lOIjp7InVybCI6Imh0dHA6Ly90ZXh0dXJlcy5taW5lY3JhZnQubmV0L3RleHR1cmUvNDdjZjAyNzQ5OThiZjVhN2YzOGIzNzAzNmUxNTRmMTEyZmEyZTI4YmFkNDBkNWE3Yzk0NzY1ZmU0ZjUyMjExZSJ9fX0=\"}]}}}"
                }
              ],
              "conditions": [
                {
                  "condition": "entity_properties",
                  "predicate": {
                    "nbt": "{Variant:1}"
                  },
                  "entity": "this"
                },
                {
                  "condition": "random_chance_with_looting",
                  "chance": 0.05,
                  "looting_multiplier": 0.01
                }
              ]
            },
            {
              "type": "item",
              "name": "minecraft:player_head",
              "functions": [
                {
                  "function": "set_nbt",
                  "tag": "{SkullOwner:{Id:[I;706383151,735923467,-1295348188,-1428745865],Name:\"Gold Axolotl\",Properties:{textures:[{Value:\"eyJ0ZXh0dXJlcyI6eyJTS0lOIjp7InVybCI6Imh0dHA6Ly90ZXh0dXJlcy5taW5lY3JhZnQubmV0L3RleHR1cmUvZTU4NTYwMTE1ZmFhZDExNjE5YjNkNTVkZTc5ZWYyYTA1M2Y0NzhhNjcxOTRiYmU5MjQ3ZWRlYTBiYzk4ZTgzNCJ9fX0=\"}]}}}"
                }
              ],
              "conditions": [
                {
                  "condition": "entity_properties",
                  "predicate": {
                    "nbt": "{Variant:2}"
                  },
                  "entity": "this"
                },
                {
                  "condition": "random_chance_with_looting",
                  "chance": 0.05,
                  "looting_multiplier": 0.01
                }
              ]
            },
            {
              "type": "item",
              "name": "minecraft:player_head",
              "functions": [
                {
                  "function": "set_nbt",
                  "tag": "{SkullOwner:{Id:[I;-99306391,701121531,-1561983959,678763888],Name:\"Cyan Axolotl\",Properties:{textures:[{Value:\"eyJ0ZXh0dXJlcyI6eyJTS0lOIjp7InVybCI6Imh0dHA6Ly90ZXh0dXJlcy5taW5lY3JhZnQubmV0L3RleHR1cmUvODUxMTk2ZDQzOTMwNjU5ZDcxN2UxYjZhMDQ2YTA4ZDEyMjBmY2I0ZTMxYzQ4NTZiYzMzZTc1NTE5ODZlZjFkIn19fQ==\"}]}}}"
                }
              ],
              "conditions": [
                {
                  "condition": "entity_properties",
                  "predicate": {
                    "nbt": "{Variant:3}"
                  },
                  "entity": "this"
                },
                {
                  "condition": "random_chance_with_looting",
                  "chance": 0.05,
                  "looting_multiplier": 0.01
                }
              ]
            },
            {
              "type": "item",
              "name": "minecraft:player_head",
              "functions": [
                {
                  "function": "set_nbt",
                "tag": "{SkullOwner:{Id:[I;-597818000,-567195819,-1576428771,-1756821454],Name:\"Blue Axolotl\",Properties:{textures:[{Value:\"eyJ0ZXh0dXJlcyI6eyJTS0lOIjp7InVybCI6Imh0dHA6Ly90ZXh0dXJlcy5taW5lY3JhZnQubmV0L3RleHR1cmUvNjhmZDEwYjBmZWY0NTk1OTYwYjFmNjQxOTNiYzhhMTg2NWEyZDJlZDQ4YjJlMmNlMDNkOTk0NTYzMDI3ZGY5NSJ9fX0=\"}]}}}"
                }
              ],
              "conditions": [
                {
                  "condition": "entity_properties",
                  "predicate": {
                    "nbt": "{Variant:4}"
                  },
                  "entity": "this"
                },
                {
                  "condition": "random_chance_with_looting",
                  "chance": 1,
                  "looting_multiplier": 0
                }
              ]
            }
          ]
        }
      ]
    }
  ]
}
