{
  "type": "minecraft:entity",
  "pools": [
    {
      "rolls": 1,
      "entries": [
        {
          "type": "minecraft:loot_table",
          "name": "vanilla:entities/mooshroom"
        }
      ]
    },
    {
      "rolls": 1,
      "entries": [
        {
          "type": "minecraft:alternatives",
          "conditions": [
            {
              "condition": "killed_by_player"
            }
          ],
          "children": [
            {
              "type": "item",
              "name": "minecraft:player_head",
              "functions": [
                {
                  "function": "set_nbt",
                  "tag": "{SkullOwner:{Id:[I;-1043345433,-1915205024,-1319783024,1345020847],Name:\"Red Mooshroom\",Properties:{textures:[{Value:\"eyJ0ZXh0dXJlcyI6eyJTS0lOIjp7InVybCI6Imh0dHA6Ly90ZXh0dXJlcy5taW5lY3JhZnQubmV0L3RleHR1cmUvZGE4MDYwNmU4MmM2NDJmMTQxNTg3NzMzZTMxODBhZTU3ZjY0NjQ0MmM5ZmZmZDRlNTk5NzQ1N2UzNDMxMWEyOSJ9fX0=\"}]}}}"
                }
              ],
              "conditions": [
                {
                  "condition": "entity_properties",
                  "predicate": {
                    "nbt": "{Type:\"red\"}"
                  },
                  "entity": "this"
                },
                {
                  "condition": "random_chance_with_looting",
                  "chance": 0.01,
                  "looting_multiplier": 0.001
                }
              ]
            },
            {
              "type": "item",
              "name": "minecraft:player_head",
              "functions": [
                {
                  "function": "set_nbt",
                  "tag": "{SkullOwner:{Id:[I;1343259795,-414497460,-2098198200,-2128852243],Name:\"Brown Mooshroom\",Properties:{textures:[{Value:\"eyJ0ZXh0dXJlcyI6eyJTS0lOIjp7InVybCI6Imh0dHA6Ly90ZXh0dXJlcy5taW5lY3JhZnQubmV0L3RleHR1cmUvN2U2NDY2MzAyYTVhYjQzOThiNGU0NzczNDk4MDhlNWQ5NDAyZWEzYWQ4ZmM0MmUyNDQ2ZTRiZWQwYTVlZDVlIn19fQ==\"}]}}}"
                }
              ],
              "conditions": [
                {
                  "condition": "entity_properties",
                  "predicate": {
                    "nbt": "{Type:\"brown\"}"
                  },
                  "entity": "this"
                },
                {
                  "condition": "random_chance_with_looting",
                  "chance": 0.05,
                  "looting_multiplier": 0.001
                }
              ]
            }
          ]
        }
      ]
    }
  ]
}
