{
  "type": "minecraft:entity",
  "pools": [
    {
      "rolls": 1,
      "entries": [
        {
          "type": "minecraft:loot_table",
          "name": "vanilla:entities/panda"
        }
      ]
    },
    {
      "rolls": 1,
      "entries": [
        {
          "type": "minecraft:alternatives",
          "conditions": [
            {
              "condition": "killed_by_player"
            },
            {
              "condition": "random_chance_with_looting",
              "chance": 0.05,
              "looting_multiplier": 0.004
            }
          ],
          "children": [
            {
              "type": "item",
              "name": "minecraft:player_head",
              "functions": [
                {
                  "function": "set_nbt",
                  "tag": "{SkullOwner:{Id:[I;812216692,-1691270628,-1132790931,1623898990],Name:\"Aggressive Panda\",Properties:{textures:[{Value:\"eyJ0ZXh0dXJlcyI6eyJTS0lOIjp7InVybCI6Imh0dHA6Ly90ZXh0dXJlcy5taW5lY3JhZnQubmV0L3RleHR1cmUvZTU0NmU0MzZkMTY2YjE3ZjA1MjFiZDg1MzhlYTEzY2Q2ZWUzYjVkZjEwMmViMzJlM2U0MjVjYjI4NWQ0NDA2MyJ9fX0=\"}]}}}"
                }
              ],
              "conditions": [
                {
                  "condition": "entity_properties",
                  "predicate": {
                    "nbt": "{MainGene:\"aggressive\"}"
                  },
                  "entity": "this"
                }
              ]
            },
            {
              "type": "item",
              "name": "minecraft:player_head",
              "functions": [
                {
                  "function": "set_nbt",
                  "tag": "{SkullOwner:{Id:[I;-1528953800,626869358,-2040989171,412588151],Name:\"Lazy Panda\",Properties:{textures:[{Value:\"eyJ0ZXh0dXJlcyI6eyJTS0lOIjp7InVybCI6Imh0dHA6Ly90ZXh0dXJlcy5taW5lY3JhZnQubmV0L3RleHR1cmUvNTg3ZjFmNWRiMmUyNGRmNGRhYWVkNDY4NWQ2YWVlNWRlYjdjZGQwMjk2MzBmMDA3OWMxZjhlMWY5NzQxYWNmZCJ9fX0=\"}]}}}"
                }
              ],
              "conditions": [
                {
                  "condition": "entity_properties",
                  "predicate": {
                    "nbt": "{MainGene:\"lazy\"}"
                  },
                  "entity": "this"
                }
              ]
            },
            {
              "type": "item",
              "name": "minecraft:player_head",
              "functions": [
                {
                  "function": "set_nbt",
                  "tag": "{SkullOwner:{Id:[I;1832623614,-1641593378,-1971230058,795229187],Name:\"Playful Panda\",Properties:{textures:[{Value:\"eyJ0ZXh0dXJlcyI6eyJTS0lOIjp7InVybCI6Imh0dHA6Ly90ZXh0dXJlcy5taW5lY3JhZnQubmV0L3RleHR1cmUvOGNhZGQ0YmYzYzRjYWNlOTE2NjgwZTFmZWY5MGI1ZDE2YWQ2NjQzOTUxNzI1NjY4YmE2YjQ5OTZiNjljYTE0MCJ9fX0=\"}]}}}"
                }
              ],
              "conditions": [
                {
                  "condition": "entity_properties",
                  "predicate": {
                    "nbt": "{MainGene:\"playful\"}"
                  },
                  "entity": "this"
                }
              ]
            },
            {
              "type": "item",
              "name": "minecraft:player_head",
              "functions": [
                {
                  "function": "set_nbt",
                  "tag": "{SkullOwner:{Id:[I;-1569837977,-494778765,-1909323364,780139674],Name:\"Worried Panda\",Properties:{textures:[{Value:\"eyJ0ZXh0dXJlcyI6eyJTS0lOIjp7InVybCI6Imh0dHA6Ly90ZXh0dXJlcy5taW5lY3JhZnQubmV0L3RleHR1cmUvZmI4NmZkMWJmOGNiY2UyM2JjMDhmYjkwNjkxNzE3NjExYWRkYzg1YWI4MjNiNzcxNGFlYzk4YTU2NjBlZmYxNSJ9fX0=\"}]}}}"
                }
              ],
              "conditions": [
                {
                  "condition": "entity_properties",
                  "predicate": {
                    "nbt": "{MainGene:\"worried\"}"
                  },
                  "entity": "this"
                }
              ]
            },
            {
              "type": "item",
              "name": "minecraft:player_head",
              "functions": [
                {
                  "function": "set_nbt",
                  "tag": "{SkullOwner:{Id:[I;-1566316321,-1140045089,-2088034968,2056398888],Name:\"Brown Panda\",Properties:{textures:[{Value:\"eyJ0ZXh0dXJlcyI6eyJTS0lOIjp7InVybCI6Imh0dHA6Ly90ZXh0dXJlcy5taW5lY3JhZnQubmV0L3RleHR1cmUvMWQ1ZjZkNjEyNjcyODY3MWI0NGMxYzc3NWY5OTYxNzQyNGUzMzYxMWI1ZDMxYWQyYWNmZjI4MDRlYjk2ZWIwNiJ9fX0=\"}]}}}"
                }
              ],
              "conditions": [
                {
                  "condition": "entity_properties",
                  "predicate": {
                    "nbt": "{MainGene:\"brown\",HiddenGene:\"brown\"}"
                  },
                  "entity": "this"
                }
              ]
            },
            {
              "type": "item",
              "name": "minecraft:player_head",
              "functions": [
                {
                  "function": "set_nbt",
                  "tag": "{SkullOwner:{Id:[I;-957160100,-268943190,-1936714442,-1856692735],Name:\"Weak Panda\",Properties:{textures:[{Value:\"eyJ0ZXh0dXJlcyI6eyJTS0lOIjp7InVybCI6Imh0dHA6Ly90ZXh0dXJlcy5taW5lY3JhZnQubmV0L3RleHR1cmUvY2M1NmEzNTVmYmUwZTJmYmQyOGU4NWM0ZDgxNWZmYTVkMWY5ZDVmODc5OGRiYzI1OWZmODhjNGFkZGIyMDJhZSJ9fX0=\"}]}}}"
                }
              ],
              "conditions": [
                {
                  "condition": "entity_properties",
                  "predicate": {
                    "nbt": "{MainGene:\"weak\",HiddenGene:\"weak\"}"
                  },
                  "entity": "this"
                }
              ]
            },
            {
              "type": "item",
              "name": "minecraft:player_head",
              "functions": [
                {
                  "function": "set_nbt",
                  "tag": "{SkullOwner:{Id:[I;-652176701,1253853427,-1523590946,1843710337],Name:\"Panda\",Properties:{textures:[{Value:\"eyJ0ZXh0dXJlcyI6eyJTS0lOIjp7InVybCI6Imh0dHA6Ly90ZXh0dXJlcy5taW5lY3JhZnQubmV0L3RleHR1cmUvNTlkZjQ3ZTAxNWQ1YzFjNjhkNzJiZTExYmI2NTYzODBmYzZkYjUzM2FhYjM4OTQxYTkxYjFkM2Q1ZTM5NjQ5NyJ9fX0=\"}]}}}"
                }
              ]
            }
          ]
        }
      ]
    }
  ]
}
