{
  "type": "minecraft:entity",
  "pools": [
    {
      "rolls": 1,
      "entries": [
        {
          "type": "minecraft:loot_table",
          "name": "vanilla:entities/rabbit"
        }
      ]
    },
    {
      "rolls": 1,
      "entries": [
        {
          "type": "minecraft:alternatives",
          "conditions": [
            {
              "condition": "killed_by_player"
            }
          ],
          "children": [
            {
              "type": "item",
              "name": "minecraft:player_head",
              "functions": [
                {
                  "function": "set_nbt",
                    "tag": "{SkullOwner:{Id:[I;-1641248077,1046954686,-1366358770,-929771023],Name:\"Toast\",Properties:{textures:[{Value:\"eyJ0ZXh0dXJlcyI6eyJTS0lOIjp7InVybCI6Imh0dHA6Ly90ZXh0dXJlcy5taW5lY3JhZnQubmV0L3RleHR1cmUvNTFhNTdjM2QwYTliMTBlMTNmNjZkZjc0MjAwY2I4YTZkNDg0YzY3MjIyNjgxMmQ3NGUyNWY2YzAyNzQxMDYxNiJ9fX0=\"}]}}}"
                }
              ],
              "conditions": [
                {
                  "condition": "entity_properties",
                  "predicate": {
                    "nbt": "{CustomName:\"{\\\"text\\\":\\\"Toast\\\"}\"}"
                  },
                  "entity": "this"
                },
                {
                  "condition": "random_chance_with_looting",
                  "chance": 1.0,
                  "looting_multiplier": 0
                }
              ]
            },
            {
              "type": "item",
              "name": "minecraft:player_head",
              "functions": [
                {
                  "function": "set_nbt",
                  "tag": "{SkullOwner:{Id:[I;-1787791594,-1480439999,-1150286986,485591162],Name:\"Brown Rabbit\",Properties:{textures:[{Value:\"eyJ0ZXh0dXJlcyI6eyJTS0lOIjp7InVybCI6Imh0dHA6Ly90ZXh0dXJlcy5taW5lY3JhZnQubmV0L3RleHR1cmUvY2ZkNGY4NmNmNzQ3M2ZiYWU5M2IxZTA5MDQ4OWI2NGMwYmUxMjZjN2JiMTZmZmM4OGMwMDI0NDdkNWM3Mjc5NSJ9fX0=\"}]}}}"
                }
              ],
              "conditions": [
                {
                  "condition": "entity_properties",
                  "predicate": {
                    "nbt": "{RabbitType:0}"
                  },
                  "entity": "this"
                },
                {
                  "condition": "random_chance_with_looting",
                  "chance": 0.05,
                  "looting_multiplier": 0.01
                }
              ]
            },
            {
              "type": "item",
              "name": "minecraft:player_head",
              "functions": [
                {
                  "function": "set_nbt",
                  "tag": "{SkullOwner:{Id:[I;310960422,1105020424,-1291548968,1147459044],Name:\"White Rabbit\",Properties:{textures:[{Value:\"eyJ0ZXh0dXJlcyI6eyJTS0lOIjp7InVybCI6Imh0dHA6Ly90ZXh0dXJlcy5taW5lY3JhZnQubmV0L3RleHR1cmUvOTU0MmQ3MTYwOTg3MTQ4YTVkOGUyMGU0NjliZDliM2MyYTM5NDZjN2ZiNTkyM2Y1NWI5YmVhZTk5MTg1ZiJ9fX0=\"}]}}}"
                }
              ],
              "conditions": [
                {
                  "condition": "entity_properties",
                  "predicate": {
                    "nbt": "{RabbitType:1}"
                  },
                  "entity": "this"
                },
                {
                  "condition": "random_chance_with_looting",
                  "chance": 0.05,
                  "looting_multiplier": 0.01
                }
              ]
            },
            {
              "type": "item",
              "name": "minecraft:player_head",
              "functions": [
                {
                  "function": "set_nbt",
                  "tag": "{SkullOwner:{Id:[I;1418904787,-1255911947,-1838736568,-396062239],Name:\"Black Rabbit\",Properties:{textures:[{Value:\"eyJ0ZXh0dXJlcyI6eyJTS0lOIjp7InVybCI6Imh0dHA6Ly90ZXh0dXJlcy5taW5lY3JhZnQubmV0L3RleHR1cmUvYjJiNDI1ZmYyYTIzNmFiMTljYzkzOTcxOTVkYjQwZjhmMTg1YjE5MWM0MGJmNDRiMjZlOTVlYWM5ZmI1ZWZhMyJ9fX0=\"}]}}}"
                }
              ],
              "conditions": [
                {
                  "condition": "entity_properties",
                  "predicate": {
                    "nbt": "{RabbitType:2}"
                  },
                  "entity": "this"
                },
                {
                  "condition": "random_chance_with_looting",
                  "chance": 0.05,
                  "looting_multiplier": 0.01
                }
              ]
            },
            {
              "type": "item",
              "name": "minecraft:player_head",
              "functions": [
                {
                  "function": "set_nbt",
                "tag": "{SkullOwner:{Id:[I;-624883408,-1394127810,-1451784718,2132385809],Name:\"Black and White Rabbit\",Properties:{textures:[{Value:\"eyJ0ZXh0dXJlcyI6eyJTS0lOIjp7InVybCI6Imh0dHA6Ly90ZXh0dXJlcy5taW5lY3JhZnQubmV0L3RleHR1cmUvMzVmNzJhMjE5NWViZjQxMTdjNTA1NmNmZTJiNzM1N2VjNWJmODMyZWRlMTg1NmE3NzczZWU0MmEwZDBmYjNmMCJ9fX0=\"}]}}}"
                }
              ],
              "conditions": [
                {
                  "condition": "entity_properties",
                  "predicate": {
                    "nbt": "{RabbitType:3}"
                  },
                  "entity": "this"
                },
                {
                  "condition": "random_chance_with_looting",
                  "chance": 0.05,
                  "looting_multiplier": 0.01
                }
              ]
            },
            {
              "type": "item",
              "name": "minecraft:player_head",
              "functions": [
                {
                  "function": "set_nbt",
                  "tag": "{SkullOwner:{Id:[I;-2019255070,-67550231,-1591702539,-1889687886],Name:\"Gold Rabbit\",Properties:{textures:[{Value:\"eyJ0ZXh0dXJlcyI6eyJTS0lOIjp7InVybCI6Imh0dHA6Ly90ZXh0dXJlcy5taW5lY3JhZnQubmV0L3RleHR1cmUvNzY3YjcyMjY1NmZkZWVjMzk5NzRkMzM5NWM1ZTE4YjQ3YzVlMjM3YmNlNWJiY2VkOWI3NTUzYWExNGI1NDU4NyJ9fX0=\"}]}}}"
                }
              ],
              "conditions": [
                {
                  "condition": "entity_properties",
                  "predicate": {
                    "nbt": "{RabbitType:4}"
                  },
                  "entity": "this"
                },
                {
                  "condition": "random_chance_with_looting",
                  "chance": 0.05,
                  "looting_multiplier": 0.01
                }
              ]
            },
            {
              "type": "item",
              "name": "minecraft:player_head",
              "functions": [
                {
                  "function": "set_nbt",
                  "tag": "{SkullOwner:{Id:[I;2137683371,809060187,-1913095354,-1103751952],Name:\"Salt and Pepper Rabbit\",Properties:{textures:[{Value:\"eyJ0ZXh0dXJlcyI6eyJTS0lOIjp7InVybCI6Imh0dHA6Ly90ZXh0dXJlcy5taW5lY3JhZnQubmV0L3RleHR1cmUvOTIzODUxOWZmMzk4MTViMTZjNDA2MjgyM2U0MzE2MWZmYWFjOTY4OTRmZTA4OGIwMThlNmEyNGMyNmUxODFlYyJ9fX0=\"}]}}}"
                }
              ],
              "conditions": [
                {
                  "condition": "entity_properties",
                  "predicate": {
                    "nbt": "{RabbitType:5}"
                  },
                  "entity": "this"
                },
                {
                  "condition": "random_chance_with_looting",
                  "chance": 0.05,
                  "looting_multiplier": 0.01
                }
              ]
            },
            {
              "type": "item",
              "name": "minecraft:player_head",
              "functions": [
                {
                  "function": "set_nbt",
                  "tag": "{SkullOwner:{Id:[I;786103411,-187218169,-1254981543,-1015463336],Name:\"The Killer Bunny\",Properties:{textures:[{Value:\"eyJ0ZXh0dXJlcyI6eyJTS0lOIjp7InVybCI6Imh0dHA6Ly90ZXh0dXJlcy5taW5lY3JhZnQubmV0L3RleHR1cmUvNzFkZDc2NzkyOWVmMmZkMmQ0M2U4NmU4NzQ0YzRiMGQ4MTA4NTM0NzEyMDFmMmRmYTE4Zjk2YTY3ZGU1NmUyZiJ9fX0=\"}]}}}"
                }
              ],
              "conditions": [
                {
                  "condition": "entity_properties",
                  "predicate": {
                    "nbt": "{RabbitType:99}"
                  },
                  "entity": "this"
                },
                {
                  "condition": "random_chance_with_looting",
                  "chance": 1,
                  "looting_multiplier": 0
                }
              ]
            }
          ]
        }
      ]
    }
  ]
}
