{
  "type": "minecraft:entity",
  "pools": [
    {
      "rolls": 1,
      "entries": [
        {
          "type": "minecraft:loot_table",
          "name": "vanilla:entities/zombie_villager"
        }
      ]
    },
    {
      "rolls": 1,
      "entries": [
        {
          "type": "minecraft:alternatives",
          "conditions": [
            {
              "condition": "killed_by_player"
            },
            {
              "condition": "random_chance_with_looting",
              "chance": 0.1,
              "looting_multiplier": 0.02
            }
          ],
          "children": [
            {
              "type": "item",
              "name": "minecraft:player_head",
              "functions": [
                {
                  "function": "set_nbt",
                  "tag": "{SkullOwner:{Id:[I;2096843698,839205627,-1344900867,1477425317],Name:\"Zombie Armorer\",Properties:{textures:[{Value:\"eyJ0ZXh0dXJlcyI6eyJTS0lOIjp7InVybCI6Imh0dHA6Ly90ZXh0dXJlcy5taW5lY3JhZnQubmV0L3RleHR1cmUvYzg2NzllMDM0NzY3ZDUxODY2MGQ5NDE2ZGM1ZWFmMzE5ZDY5NzY4MmFjNDBjODg2ZTNjMmJjOGRmYTFkZTFkIn19fQ==\"}]}}}"
                }
              ],
              "conditions": [
                {
                  "condition": "entity_properties",
                  "predicate": {
                    "nbt": "{VillagerData:{profession:\"minecraft:armorer\"}}"
                  },
                  "entity": "this"
                }
              ]
            },
            {
              "type": "item",
              "name": "minecraft:player_head",
              "functions": [
                {
                  "function": "set_nbt",
                  "tag": "{SkullOwner:{Id:[I;1815714177,-1845539437,-1299985766,-249396350],Name:\"Zombie Butcher\",Properties:{textures:[{Value:\"eyJ0ZXh0dXJlcyI6eyJTS0lOIjp7InVybCI6Imh0dHA6Ly90ZXh0dXJlcy5taW5lY3JhZnQubmV0L3RleHR1cmUvOWNjZThkNmNlNDEyNGNlYzNlODRhODUyZTcwZjUwMjkzZjI0NGRkYzllZTg1NzhmN2Q2ZDg5MjllMTZiYWQ2OSJ9fX0=\"}]}}}"
                }
              ],
              "conditions": [
                {
                  "condition": "entity_properties",
                  "predicate": {
                    "nbt": "{VillagerData:{profession:\"minecraft:butcher\"}}"
                  },
                  "entity": "this"
                }
              ]
            },
            {
              "type": "item",
              "name": "minecraft:player_head",
              "functions": [
                {
                  "function": "set_nbt",
                  "tag": "{SkullOwner:{Id:[I;-1100180737,-40612522,-1177935632,84884289],Name:\"Zombie Cartographer\",Properties:{textures:[{Value:\"eyJ0ZXh0dXJlcyI6eyJTS0lOIjp7InVybCI6Imh0dHA6Ly90ZXh0dXJlcy5taW5lY3JhZnQubmV0L3RleHR1cmUvZTYwODAwYjAxMDEyZTk2M2U3YzIwYzhiYTE0YjcwYTAyNjRkMTQ2YTg1MGRlZmZiY2E3YmZlNTEyZjRjYjIzZCJ9fX0=\"}]}}}"
                }
              ],
              "conditions": [
                {
                  "condition": "entity_properties",
                  "predicate": {
                    "nbt": "{VillagerData:{profession:\"minecraft:cartographer\"}}"
                  },
                  "entity": "this"
                }
              ]
            },
            {
              "type": "item",
              "name": "minecraft:player_head",
              "functions": [
                {
                  "function": "set_nbt",
                  "tag": "{SkullOwner:{Id:[I;648641787,1287409525,-1203270335,538623305],Name:\"Zombie Cleric\",Properties:{textures:[{Value:\"eyJ0ZXh0dXJlcyI6eyJTS0lOIjp7InVybCI6Imh0dHA6Ly90ZXh0dXJlcy5taW5lY3JhZnQubmV0L3RleHR1cmUvMjk1ODU3OGJlMGUxMjE3MjczNGE3ODI0MmRhYjE0OTY0YWJjODVhYjliNTk2MzYxZjdjNWRhZjhmMTRhMGZlYiJ9fX0=\"}]}}}"
                }
              ],
              "conditions": [
                {
                  "condition": "entity_properties",
                  "predicate": {
                    "nbt": "{VillagerData:{profession:\"minecraft:cleric\"}}"
                  },
                  "entity": "this"
                }
              ]
            },
            {
              "type": "item",
              "name": "minecraft:player_head",
              "functions": [
                {
                  "function": "set_nbt",
                  "tag": "{SkullOwner:{Id:[I;1184252343,-325498270,-1248344102,-2059244882],Name:\"Zombie Farmer\",Properties:{textures:[{Value:\"eyJ0ZXh0dXJlcyI6eyJTS0lOIjp7InVybCI6Imh0dHA6Ly90ZXh0dXJlcy5taW5lY3JhZnQubmV0L3RleHR1cmUvZjc3ZDQxNWY5YmFhNGZhNGI1ZTA1OGY1YjgxYmY3ZjAwM2IwYTJjOTBhNDgzMWU1M2E3ZGJjMDk4NDFjNTUxMSJ9fX0=\"}]}}}"
                }
              ],
              "conditions": [
                {
                  "condition": "entity_properties",
                  "predicate": {
                    "nbt": "{VillagerData:{profession:\"minecraft:farmer\"}}"
                  },
                  "entity": "this"
                }
              ]
            },
            {
              "type": "item",
              "name": "minecraft:player_head",
              "functions": [
                {
                  "function": "set_nbt",
                  "tag": "{SkullOwner:{Id:[I;403833101,-476951492,-1268224880,1726114843],Name:\"Zombie Fisherman\",Properties:{textures:[{Value:\"eyJ0ZXh0dXJlcyI6eyJTS0lOIjp7InVybCI6Imh0dHA6Ly90ZXh0dXJlcy5taW5lY3JhZnQubmV0L3RleHR1cmUvNjkwNWQ1M2ZlNGZhZWIwYjMxNWE2ODc4YzlhYjgxYjRiZTUyYzMxY2Q0NzhjMDI3ZjBkN2VjZTlmNmRhODkxNCJ9fX0=\"}]}}}"
                }
              ],
              "conditions": [
                {
                  "condition": "entity_properties",
                  "predicate": {
                    "nbt": "{VillagerData:{profession:\"minecraft:fisherman\"}}"
                  },
                  "entity": "this"
                }
              ]
            },
            {
              "type": "item",
              "name": "minecraft:player_head",
              "functions": [
                {
                  "function": "set_nbt",
                  "tag": "{SkullOwner:{Id:[I;2099295440,96552589,-1593973544,1732222062],Name:\"Zombie Fletcher\",Properties:{textures:[{Value:\"eyJ0ZXh0dXJlcyI6eyJTS0lOIjp7InVybCI6Imh0dHA6Ly90ZXh0dXJlcy5taW5lY3JhZnQubmV0L3RleHR1cmUvMmVhMjZhYzBlMjU0OThhZGFkYTRlY2VhNThiYjRlNzZkYTMyZDVjYTJkZTMwN2VmZTVlNDIxOGZiN2M1ZWY4OSJ9fX0=\"}]}}}"
                }
              ],
              "conditions": [
                {
                  "condition": "entity_properties",
                  "predicate": {
                    "nbt": "{VillagerData:{profession:\"minecraft:fletcher\"}}"
                  },
                  "entity": "this"
                }
              ]
            },
            {
              "type": "item",
              "name": "minecraft:player_head",
              "functions": [
                {
                  "function": "set_nbt",
                  "tag": "{SkullOwner:{Id:[I;-2018152173,-657829980,-2112558488,-1763520945],Name:\"Zombie Leatherworker\",Properties:{textures:[{Value:\"eyJ0ZXh0dXJlcyI6eyJTS0lOIjp7InVybCI6Imh0dHA6Ly90ZXh0dXJlcy5taW5lY3JhZnQubmV0L3RleHR1cmUvZmI1NTJjOTBmMjEyZTg1NWQxMjI1NWQ1Y2Q2MmVkMzhiOWNkN2UzMGU3M2YwZWE3NzlkMTc2NDMzMGU2OTI2NCJ9fX0=\"}]}}}"
                }
              ],
              "conditions": [
                {
                  "condition": "entity_properties",
                  "predicate": {
                    "nbt": "{VillagerData:{profession:\"minecraft:leatherworker\"}}"
                  },
                  "entity": "this"
                }
              ]
            },
            {
              "type": "item",
              "name": "minecraft:player_head",
              "functions": [
                {
                  "function": "set_nbt",
                  "tag": "{SkullOwner:{Id:[I;543806214,-1390195783,-1496262174,-176728090],Name:\"Zombie Librarian\",Properties:{textures:[{Value:\"eyJ0ZXh0dXJlcyI6eyJTS0lOIjp7InVybCI6Imh0dHA6Ly90ZXh0dXJlcy5taW5lY3JhZnQubmV0L3RleHR1cmUvNjIyMTFhMWY0MDljY2E0MjQ5YzcwZDIwY2E4MDM5OWZhNDg0NGVhNDE3NDU4YmU5ODhjYzIxZWI0Nzk3Mzc1ZSJ9fX0=\"}]}}}"
                }
              ],
              "conditions": [
                {
                  "condition": "entity_properties",
                  "predicate": {
                    "nbt": "{VillagerData:{profession:\"minecraft:librarian\"}}"
                  },
                  "entity": "this"
                }
              ]
            },
            {
              "type": "item",
              "name": "minecraft:player_head",
              "functions": [
                {
                  "function": "set_nbt",
                  "tag": "{SkullOwner:{Id:[I;-2018152173,-657829980,-2112558488,-1763520945],Name:\"Zombie Mason\",Properties:{textures:[{Value:\"eyJ0ZXh0dXJlcyI6eyJTS0lOIjp7InVybCI6Imh0dHA6Ly90ZXh0dXJlcy5taW5lY3JhZnQubmV0L3RleHR1cmUvZmI1NTJjOTBmMjEyZTg1NWQxMjI1NWQ1Y2Q2MmVkMzhiOWNkN2UzMGU3M2YwZWE3NzlkMTc2NDMzMGU2OTI2NCJ9fX0=\"}]}}}"
                }
              ],
              "conditions": [
                {
                  "condition": "entity_properties",
                  "predicate": {
                    "nbt": "{VillagerData:{profession:\"minecraft:mason\"}}"
                  },
                  "entity": "this"
                }
              ]
            },
            {
              "type": "item",
              "name": "minecraft:player_head",
              "functions": [
                {
                  "function": "set_nbt",
                  "tag": "{SkullOwner:{Id:[I;-2018152173,-657829980,-2112558488,-1763520945],Name:\"Zombie Nitwit\",Properties:{textures:[{Value:\"eyJ0ZXh0dXJlcyI6eyJTS0lOIjp7InVybCI6Imh0dHA6Ly90ZXh0dXJlcy5taW5lY3JhZnQubmV0L3RleHR1cmUvZmI1NTJjOTBmMjEyZTg1NWQxMjI1NWQ1Y2Q2MmVkMzhiOWNkN2UzMGU3M2YwZWE3NzlkMTc2NDMzMGU2OTI2NCJ9fX0=\"}]}}}"
                }
              ],
              "conditions": [
                {
                  "condition": "entity_properties",
                  "predicate": {
                    "nbt": "{VillagerData:{profession:\"minecraft:nitwit\"}}"
                  },
                  "entity": "this"
                }
              ]
            },
            {
              "type": "item",
              "name": "minecraft:player_head",
              "functions": [
                {
                  "function": "set_nbt",
                  "tag": "{SkullOwner:{Id:[I;-2018152173,-657829980,-2112558488,-1763520945],Name:\"Zombie Villager\",Properties:{textures:[{Value:\"eyJ0ZXh0dXJlcyI6eyJTS0lOIjp7InVybCI6Imh0dHA6Ly90ZXh0dXJlcy5taW5lY3JhZnQubmV0L3RleHR1cmUvZmI1NTJjOTBmMjEyZTg1NWQxMjI1NWQ1Y2Q2MmVkMzhiOWNkN2UzMGU3M2YwZWE3NzlkMTc2NDMzMGU2OTI2NCJ9fX0=\"}]}}}"
                }
              ],
              "conditions": [
                {
                  "condition": "entity_properties",
                  "predicate": {
                    "nbt": "{VillagerData:{profession:\"minecraft:none\"}}"
                  },
                  "entity": "this"
                }
              ]
            },
            {
              "type": "item",
              "name": "minecraft:player_head",
              "functions": [
                {
                  "function": "set_nbt",
                  "tag": "{SkullOwner:{Id:[I;1207380466,-1608759608,-1741978926,-1403436161],Name:\"Zombie Shepherd\",Properties:{textures:[{Value:\"eyJ0ZXh0dXJlcyI6eyJTS0lOIjp7InVybCI6Imh0dHA6Ly90ZXh0dXJlcy5taW5lY3JhZnQubmV0L3RleHR1cmUvNjkxMzkxYmVmM2E0NmVmMjY3ZDNiNzE3MTA4NmJhNGM4ZDE3ZjJhNmIwZjgzZmEyYWMzMGVmZTkxNGI3YzI0OSJ9fX0=\"}]}}}"
                }
              ],
              "conditions": [
                {
                  "condition": "entity_properties",
                  "predicate": {
                    "nbt": "{VillagerData:{profession:\"minecraft:shepherd\"}}"
                  },
                  "entity": "this"
                }
              ]
            },
            {
              "type": "item",
              "name": "minecraft:player_head",
              "functions": [
                {
                  "function": "set_nbt",
                  "tag": "{SkullOwner:{Id:[I;-2018152173,-657829980,-2112558488,-1763520945],Name:\"Zombie Toolsmith\",Properties:{textures:[{Value:\"eyJ0ZXh0dXJlcyI6eyJTS0lOIjp7InVybCI6Imh0dHA6Ly90ZXh0dXJlcy5taW5lY3JhZnQubmV0L3RleHR1cmUvZmI1NTJjOTBmMjEyZTg1NWQxMjI1NWQ1Y2Q2MmVkMzhiOWNkN2UzMGU3M2YwZWE3NzlkMTc2NDMzMGU2OTI2NCJ9fX0=\"}]}}}"
                }
              ],
              "conditions": [
                {
                  "condition": "entity_properties",
                  "predicate": {
                    "nbt": "{VillagerData:{profession:\"minecraft:toolsmith\"}}"
                  },
                  "entity": "this"
                }
              ]
            },
            {
              "type": "item",
              "name": "minecraft:player_head",
              "functions": [
                {
                  "function": "set_nbt",
                  "tag": "{SkullOwner:{Id:[I;-1844572353,-185316455,-1901309798,-1756753005],Name:\"Zombie Weaponsmith\",Properties:{textures:[{Value:\"eyJ0ZXh0dXJlcyI6eyJTS0lOIjp7InVybCI6Imh0dHA6Ly90ZXh0dXJlcy5taW5lY3JhZnQubmV0L3RleHR1cmUvNDM3MDg5NGI1Y2MzMDVkODdhYTA4YzNiNGIwODU4N2RiNjhmZjI5ZTdhM2VmMzU0Y2FkNmFiY2E1MGU1NTI4YiJ9fX0=\"}]}}}"
                }
              ],
              "conditions": [
                {
                  "condition": "entity_properties",
                  "predicate": {
                    "nbt": "{VillagerData:{profession:\"minecraft:weaponsmith\"}}"
                  },
                  "entity": "this"
                }
              ]
            }
          ]
        }
      ]
    }
  ]
}
