{
    "parent": "minecraft:recipes/root",
    "criteria": {
        "has_block": {
            "trigger": "minecraft:inventory_changed",
            "conditions": {
                "items": [
                    {
                        "item": "minecraft:rabbit_hide"
                    }
                ]
            }
        },
        "has_apple": {
            "trigger": "minecraft:inventory_changed",
            "conditions": {
                "items": [
                    {
                        "item": "minecraft:string"
                    }
                ]
            }
        }
    },
    "requirements": [
        [
            "has_rabbit_hide",
			"has_string"
        ]
    ],
    "rewards": {
        "recipes": [
            "craftable_bundles_rabbit_hide:bundle_rabbit_hide"
        ]
    }
}
